{
    "FullRowExactMatch2": {
        "precision": 0.15,
        "recall": 0.009230769230769232,
        "f1_score": 0.017391304347826087
    }
}