{
    "FullRowExactMatch2": {
        "precision": 0.8229166666666666,
        "recall": 0.754861111111111,
        "f1_score": 0.7857434640522876
    }
}