{
    "FullRowExactMatch2": {
        "precision": 0.38541666666666663,
        "recall": 0.38541666666666663,
        "f1_score": 0.38541666666666663
    }
}