{
    "FullRowExactMatch2": {
        "precision": 0.11904761904761904,
        "recall": 0.012679045092838199,
        "f1_score": 0.022916666666666665
    }
}