{
    "FullRowExactMatch2": {
        "precision": 0.24,
        "recall": 0.022281167108753316,
        "f1_score": 0.040336134453781515
    }
}