{
    "FullRowExactMatch2": {
        "precision": 0.7444444444444445,
        "recall": 0.723611111111111,
        "f1_score": 0.7334150326797386
    }
}